{
    "user_id": {
        "mean": 100000.5,
        "std": 57735.17125634945,
        "min": 1.0,
        "max": 200000.0
    },
    "monthly_income": {
        "mean": 67869.87831897967,
        "std": 36073.85911090049,
        "min": 6420.158393314879,
        "max": 585989.6239353645
    },
    "existing_emi": {
        "mean": 15276.113604599364,
        "std": 11250.347104649374,
        "min": 344.94016292679237,
        "max": 185264.93605956488
    },
    "avg_bank_balance": {
        "mean": 305633.7238247402,
        "std": 225009.21385051694,
        "min": 10013.207178740831,
        "max": 3702498.782196918
    },
    "collateral_value": {
        "mean": 849386.6419885196,
        "std": 560497.824399946,
        "min": 49532.10038389018,
        "max": 8924213.388311742
    },
    "credit_score": {
        "mean": 699.8338850366538,
        "std": 79.48525383755336,
        "min": 354.44281341717925,
        "max": 900.0
    },
    "credit_card_utilization": {
        "mean": 0.5242813941954109,
        "std": 0.24527265505294688,
        "min": 0.1000043499064367,
        "max": 0.9499931482535202
    },
    "late_payment_count": {
        "mean": 1.99699,
        "std": 1.415341285999797,
        "min": 0.0,
        "max": 11.0
    },
    "employment_years": {
        "mean": 14.484175,
        "std": 8.65448173316126,
        "min": 0.0,
        "max": 29.0
    },
    "job_stability_score": {
        "mean": 0.7001434355989836,
        "std": 0.17305755579480356,
        "min": 0.4000049019983847,
        "max": 0.9999948192746247
    },
    "relationship_years": {
        "mean": 9.494275,
        "std": 5.762821641778689,
        "min": 0.0,
        "max": 19.0
    },
    "tenure_with_bank": {
        "mean": 7.50161,
        "std": 4.027870222163322,
        "min": 1.0,
        "max": 14.0
    },
    "products_owned": {
        "mean": 4.001955,
        "std": 1.9981894659353725,
        "min": 1.0,
        "max": 7.0
    },
    "debt_to_income_ratio": {
        "mean": 0.22496794175687243,
        "std": 0.10094664722625418,
        "min": 0.0500007795534975,
        "max": 0.3999981132396597
    },
    "savings_ratio": {
        "mean": 4.500616190589112,
        "std": 2.018828965098714,
        "min": 1.0000036319119658,
        "max": 7.999988204026681
    },
    "avg_monthly_spend": {
        "mean": 40736.82706978543,
        "std": 25483.929915073622,
        "min": 2475.2518117762297,
        "max": 463332.42929171567
    },
    "loan_utilization_ratio": {
        "mean": 0.5503976660316954,
        "std": 0.2597725810236319,
        "min": 0.1000045293370893,
        "max": 0.999991819615064
    },
    "fraud_risk_score": {
        "mean": 0.5011056824360564,
        "std": 0.2885728434206731,
        "min": 1.365657210872229e-06,
        "max": 0.9999926611251068
    },
    "geo_risk_score": {
        "mean": 0.49959128581778883,
        "std": 0.28901472430721953,
        "min": 1.473496422965681e-05,
        "max": 0.9999923720791286
    },
    "device_risk_score": {
        "mean": 0.49909097167238353,
        "std": 0.28879905006325146,
        "min": 2.7150976162904072e-06,
        "max": 0.99999897561481
    },
    "fraud_velocity_score": {
        "mean": 0.5009851693362585,
        "std": 0.2887927554530058,
        "min": 7.824629524977311e-06,
        "max": 0.9999998649264016
    },
    "account_activity_score": {
        "mean": 0.599770588970823,
        "std": 0.23095941500398387,
        "min": 0.200000312570978,
        "max": 0.9999978120279038
    },
    "bounced_emi_count": {
        "mean": 0.997575,
        "std": 0.9970878047078828,
        "min": 0.0,
        "max": 9.0
    },
    "transaction_consistency": {
        "mean": 0.7000643892940966,
        "std": 0.1731557795172198,
        "min": 0.4000002321800216,
        "max": 0.9999979699634896
    },
    "loan_approved": {
        "mean": 0.35,
        "std": 0.4769707931369481,
        "min": 0.0,
        "max": 1.0
    },
    "fraud_flag": {
        "mean": 0.017375,
        "std": 0.13066443563943195,
        "min": 0.0,
        "max": 1.0
    },
    "recommended_loan_amount": {
        "mean": 801357.5379202019,
        "std": 450536.0066638149,
        "min": 68589.9287668955,
        "max": 7497874.566732511
    }
}